"","SOM","SPOM","SEDBAC","WATBAC","PHY","ZOO","DETAMPS","BIVALVS","FILTFEDSHRS","CARPOLS","THISCUS","ECHCORS","DETCARSHRS","PAGURIS","CEPHALS","OPHIURS","DETPOLRS","CARCRAS","ANTHOZOS","METRIDTR","CARCRATR","SUSGASTR","CARPOLTR","SUDECRATR","MYTILUTR","NUDIBRTR","BALANOTR","JASSATR","DETPOLTR","BIVALVTR","OPHIURTR","LEPTRETR","SDAMPTR","ASTRUBU","PSAMMU","DETCRARU","CARPOLPU","NEPHTYU","NEMERTU","PLEURO","ECHVIP","CALLSP","POMSP","AMMOD","GADID","MULSUR","DIC","EXP","BUR"
"SOM",0,0,4.07967166484145,0,0,0,0.420122089564434,2.55911426334658,0.00227703642956952,0.0178916631294101,0.0192096585742217,1.59394375822784,0.00341916290151104,0.00312943124845818,0,0.0173853294663599,1.05955764201088,0.00127556958907439,0,0,0,0,0,0,0,0,0,0,0.00181797310289067,0,0,0.00206372607827836,0,0,0,0.0310647174809898,0.00842166824570835,0.914913489158411,0.000105070687759592,0,0,0,0.000810714438851461,0,0,0,0,0.720154849155673,0.8
"SPOM",5.97415493298278,0,0,5.09412591592672,0,0,0,0,0.000536466170365935,0,0.00417363416871297,0,0.00146567666980082,0.000757707472044179,0,0.00843437596042946,1.16478892429921,0,3.81514054386582e-05,0.040978384066192,0.126065444232542,0.0939319658766588,0.0422981019777806,0.0642924546532606,0.00103004530661878,0.00461111434093415,0.031201048823427,0.0280407882373261,0.0169435195243594,0.00300251438015692,0.00111176221069376,0.000191412083014699,0.000196219328741306,0,0,0.0121570240581931,0.0215765199213222,5.32262708663193,0.000174086275003917,0,0,0,0.00124977861932378,0,0,0,0,0.560124761943237,0
"SEDBAC",1.59813035254931,0,0,0,0,0,0.180052324099044,0.0275260384622656,0,0.000207170277435675,0.000221831453081008,0.0182771156860853,3.99755407328978e-05,3.56059508304789e-05,0,0.000201025683158492,0.0122469358271597,1.47247511279135e-05,0,0,0,0,0,0,0,0,0,0,2.11952567103458e-05,0,0,0,0,0,0,0.000347110419208262,9.84666882026754e-05,0.0105324460505755,1.22236063339296e-06,0,0,0,9.40273495250121e-06,0,0,0,2.22670872105094,0,0.00500000000000001
"WATBAC",0,1.37719405534783,0,0,0,0,0,0,0,0,0,0,1.70662589458475e-05,8.75071989530137e-06,0,9.92850177997773e-05,0.0135527332794701,0,4.36338657437607e-07,0.000468391802403494,0.00147056595794079,0.00111178017086324,0.000498032334772577,0.000757511542259159,1.20345328984155e-05,5.40554423164518e-05,0.000360579900062887,0.000335890489748405,0.000202201228351805,3.50829662067002e-05,1.30928311602532e-05,2.26511269152663e-06,2.30505555796948e-06,0,0,0.0143176964830489,0.000246950925858005,0.960449724356408,2.01887497181234e-06,0,0,0,1.46889972161308e-05,0,0,0,2.72289871995939,0,0
"PHY",0,4.30115615996132,0,0,0,15.0513580773318,0,2.00873094512214,0.00731312995449656,0.00850108658922286,0.00730441714966063,0,0.00217688896800222,0.00444321351739086,0,0,0,0.000760529574737381,4.6854189061624e-06,0.00503275275238687,0,0.0595850419902453,0.00780934522372804,0.129729945058258,0.00459425245331379,0,0.0429015600406361,0.057528381232321,0,0.0117574361360888,0.00276340849592964,0,0.00017543357284637,0,0.0569794609804798,0.0149752329320964,0,0.45337256387401,0,0,0,0,0.000357908692918425,0.000752196686484926,0,0,10.1675741873504,0.780890643588249,0
"ZOO",0,5.16781856142671,0,0,0,0,0,0.2249057087285,0.000404537095279903,0,0,0,0.000581814714412605,0,0.00100441704717439,0,0,0,0.000157815923114455,0.17720926375328,0.0573409401036425,0,0.0362484589976752,0.0242994373862092,0.000403890794305383,0,0.0119332124489082,0.011076861133429,0,0.0011678774341984,0.000426518756370101,0,7.63968941507461e-05,0,0.0789504419924632,0,0,0,0,0.0381559544830459,0.00474236181569369,0.00260291030183932,0.000791447331128929,0.00108345119262253,6.66091395088853e-05,0.000115077092207312,8.69809009518742,0.511704016158567,0
"DETAMPS",0.285379493114161,0,0,0,0,0,0,0,0,0.012058657695991,0,0,0.000600470230040444,0,0.0010347166816775,0.00338650910496045,0,0.000310307023994604,0,0,0,0,0,0,0,0,0,0,0,0,0,0,0,0.0103814467698828,0,0.0101590562798095,0,0,0,0.0341258477263662,0.00350660560623035,0.00258762770905805,0.000781417048928792,0.00106956687963235,6.45331388110758e-05,0.000110282874548645,0.123464970053635,0.111152905725702,0
"BIVALVS",2.39951162249212,0,0,0,0,0,0,0,0,0,0,0,0.000680759114710915,0,0.00111223381763935,0.00408092202685796,0,0,0,0,0,0,0,0,0,0,0,0,0,0,0,0,0,0,0,0,0,0.952813536670163,9.38546125301814e-05,0.035488580196585,0,0.00260784995923751,0,0.00107424713880919,6.09723446597379e-05,9.98807704976586e-05,0.865632668733013,0.557019827782634,0
"FILTFEDSHRS",0.00624811748753008,0,0,0,0,0,0,0,0.000285041291059761,0,0,0,0.000332714365017181,0,0.000416408427325074,0,0,0,0,0,0,0,0,0,0,0,0,0,0,0,0,0,0,0,0,0,0,0,0,0.000583666496894545,0,0.000524289110210391,0.000346143859040362,0.000405707309952332,5.86271001516534e-05,9.42102714981539e-05,0.00172061292909433,0.000600915173426153,0
"CARPOLS",0.0350664912217467,0,0,0,0,0,0,0,0,0.00282281841105562,0,0,0,0,0,0,0,0.000200693461222756,0,0,0,0,0,0,0,0,0,0,0,0,0,0,0,0.00216028613501452,0.00310879832639944,0,0,0.00322081939127567,0,0.00302142356574483,0,0.00124472857793348,0.00105947059838334,0.000683836844515586,8.47466447696182e-05,0.000155697968391292,0.0099094958615324,0.0032736521177215,0
"THISCUS",0.0155236214985776,0,0,0,0,0,0,0,0,0,0,0,0,0,0.000916980484157795,0,0,0.000305505200233714,0,0,0,0,0,0,0,0,0,0,0,0,0,0,0,0,0,0,0,0,0,0.00335163656530536,0,0.00175725838399434,0,0,6.26469553125777e-05,0.000102199480877578,0.00528074523773558,0.00360894753945733,0
"ECHCORS",0.777211107592373,0,0,0,0,0,0,0,0,0,0,0,0,0,0,0,0,0,0,0,0,0,0,0,0,0,0,0,0,0,0,0,0,0.399777414975709,0.049859583085431,0,0,0,0,0.0240101717490038,0,0.00251053345455231,0,0,4.90130191071652e-05,0,0.273644897255552,0.0851581527821641,0
"DETCARSHRS",0.00602415695202741,0,0,0,0,0,0,0,0.000199007496583494,0.000377319468727118,0,0,0.000230749098910466,0,0.000270770291101994,0,0,0,0,0,0,0,0,0,0,0,0,0,0,0,0,0,0,0,0,0.000378585418484474,0,0,0,0.000383261584171853,0,0.000338866008661773,0.000291507683890635,0.000293996607034496,6.31218420812654e-05,0,0.00146400401469105,0.000384259906813439,0
"PAGURIS",0.00433453655321899,0,0,0,0,0,0,0,0,0,0,0,0,0,0.000517711609368687,0,0,0,0,0,0,0,0,0,0,0,0,0,0,0,0,0,0,0,0,0,0,0,0,0.000698655963053481,0,0.000607554555337575,0,0,5.67349624091759e-05,9.02015154089981e-05,0.0013416835352819,0.000727630214527753,0
"CEPHALS",0.00556775214119877,0,0,0,0,0,0,0,0,0,0,0,0,0,0.000332576346669798,0,0,0,0,0,0,0,0,0,0,0,0,0,0,0,0,0,0,0,0,0,0,0,0,0,0,0.000633040492944013,0.000892951936656385,0,0.000104676124732102,0,0.00135280384156787,0.000925701239919563,0
"OPHIURS",0.0216519254731244,0,0,0,0,0,0,0,0,0,0,0,0,0,0,0.0012532489043851,0,0,0,0,0,0,0,0,0,0,0,0,0,0,0,0,0,0.00163027336762848,0.00205357770776562,0.00179700207398844,0,0,0,0.00195894930654794,0,0.00115594467086888,0,0,7.51726888330503e-05,0.00013551158665575,0.00570071747919011,0.00207855149435746,0
"DETPOLRS",1.12524613893575,0,0,0,0,0,0,0,0.000353643222643023,0.0113271776508743,0,0,0.000503078838553989,0,0.000873351438582261,0.00275739460413119,0,0.000268503604961969,0,0,0,0,0.0361828457818951,0,0,0,0,0,0,0,0,5.61053440422204e-05,0,0.00727440669370866,0.059991968183711,0,0.0563806505150654,0.330919820688043,0,0.0342439308235393,0,0.00227183820752594,0.000961404360673554,0.000999100469337349,7.21355672835904e-05,0.000126847319504204,0.384198134793975,0.195137758372889,0
"CARCRAS",0.00219825132236171,0,0,0,0,0,0,0,0,0,0,0,0,0,0.000133542572067388,0,0,0.000188199384006878,0,0,0,0,0,0,0,0,0,0,0,0,0,0,0,0.000152110492899169,0,0,0,0,0,0.000151529106187173,0.000160633416256456,0.000142000023545694,0,0,5.29060299617089e-05,7.60243741137006e-05,0.000554985383272261,0.000150142429963424,0
"ANTHOZOS",0.000100977362043878,0,0,0,0,0,0,0,0,0,0,0,0,0,0,1.70962030688848e-05,0,0,0,0,0,0,0,0,0,1.71560822461583e-05,0,0,0,0,0,0,0,0,0,0,0,0,0,0,0,0,0,0,1.51441840831416e-05,0,3.35253538964155e-05,1.71899007618362e-05,0
"METRIDTR",0,0.10705426373118,0,0,0,0,0,0,0,0,0,0,0,0,0,0,0,0,0,0.231538611609192,0,0,0,0,0,0.00106870573962294,0,0,0,0,0,0,0,0,0,0,0,0,0,0,0,0,0,0,9.08803384926643e-05,0,0.111862118702804,0.00840087543150385,0
"CARCRATR",0,0.157599736793912,0,0,0,0,0,0,0,0,0,0,0,0,0,0,0,0,0,0,0.0243944845196276,0,0,0,0,0,0,0,0,0,0,0,0,0,0,0,0,0,0,0,0,0,0,0,0.0001000748753197,0.000172493208005096,0.0490925618390145,0.066941401004473,0
"SUSGASTR",0,0.0951383302276957,0,0,0,0,0,0,0,0,0,0,0,0,0,0,0,0,0,0,0.018449250654103,0.01774138578979,0,0,0,0,0,0,0,0,0,0,0,0,0,0,0,0,0,0,0,0,0,0,7.75296046523578e-05,0.000142044300370529,0.0327381641680404,0.024654282323668,0
"CARPOLTR",0,0.0703414482653293,0,0,0,0,0,0,0,0,0,0,0,0,0,0,0,0,0,0,0.0061186994216543,0.00602948835093725,0.0079294835544848,0,0,0,0,0,0,0,0,0,0,0.00287756640566202,0.00669755779188007,0,0,0.00756113411701463,0,0,0,0,0,0,9.54199412986667e-05,0.000164370094239113,0.021255702123755,0.00715022585808026,0
"SUDECRATR",0,0.10965944987257,0,0,0,0,0,0,0,0,0,0,0,0,0,0,0,0,0,0,0.0244382489003091,0,0,0,0,0,0,0,0,0,0,0,0,0,0,0.0089930933768122,0,0,0,0,0.00519662403914771,0,0,0,6.51411214143098e-05,0.000114157687608422,0.0385413897900075,0.032071243852096,0
"MYTILUTR",0,0.00303717985065812,0,0,0,0,0,0,0,0,0,0,0,0,0,0,0,0,0,0,0.000237923196090319,0.000236817371127805,0.000239892563755398,0,0,0,0,0,0,0,0,0,0,0.000238808051824948,0.000245607821943532,0,0,0.000239408994327274,0,0.000240792581954955,0,0,0,0,5.01726658375139e-05,7.68388065465654e-05,0.000959944170196845,0.000236837012887499,0
"NUDIBRTR",0,0.00325216887771012,0,0,0,0,0,0,0,0,0,0,0.000291214931361849,0,0,0,0,0,0,0,0,0,0,0,0,0.000819275086626047,0,0,0,0,0,0,0,0,0,0,0,0,0,0,0,0,0,0,9.25389090731618e-05,0,0.00118680352618916,0.000928305360784451,0
"BALANOTR",0,0.0433596626362786,0,0,0,0,0,0,0,0,0,0,0,0,0,0,0,0,0,0.00478805156944942,0.00407779442335776,0.00406936724515449,0.00422462171324272,0,0,0,0,0,0,0,0,0,0,0.00316557251867305,0.00426794340811131,0,0,0,0,0,0,0,0,0,6.95606492027817e-05,0,0.0139649218832753,0.00440890516631753,0
"JASSATR",0,0.0486320913765632,0,0,0,0,0,0,0,0,0,0,0,0,0,0,0,0,0,0,0.00442034186385552,0.00445802287943267,0,0,0,0,0,0,0,0,0,6.49438396200819e-05,7.40912378137357e-05,0.00336752494099784,0,0.00357084947000922,0,0.00476469177084866,0,0.00431256515895876,0.00289183068543019,0,0,0,6.6448499354182e-05,0.000113994785930826,0.0156204923277338,0.00462403225626272,0
"DETPOLTR",0,0.0095855185222125,0,0,0,0,0,0,0,0,0,0,0,0,0,0,0,0,0,0,0.00075334149005506,0.000762106256202259,0.000790313777027799,0,0,0,0,0,0,0,0,4.36979479990645e-05,0,0.000696542276670585,0.000773355177006642,0,0.000806814422302336,0.000781305776649133,0,0,0,0,0,0,7.52131162983639e-05,0.000129369383575795,0.00300675509188487,0.000780555874404542,0
"BIVALVTR",0,0.00801382344163429,0,0,0,0,0,0,0,0,0,0,0,0,0,0,0,0,0,0,0.00105954010239,0.000998016506674509,0,0,0,0,0,0,0,0,0,0,0,0,0.00103213142281245,0,0,0.00105927327143585,0,0,0,0,0,0,5.84905523577887e-05,9.82176788116474e-05,0.00261104640728702,0.00103237153324474,0
"OPHIURTR",0,0.00216658450822335,0,0,0,0,0,0,0,0,0,0,0,0,0,0,0,0,0,0,0,0,0,0,0,0,0,0,0,0,0,0,0,0.000263338399263971,0.000267290267475462,0.000256167355529416,0,0,0,0.000256263616224001,0,0,0,0,5.49800138020042e-05,8.21407802980873e-05,0.000702831033482194,0.000265186319839492,0
"LEPTRETR",0,0.00128710284131557,0,0,0,0,0,0,0,0,0,0,0,0,0,0,0,0,0,0,0,0,0,0,0,0,0,0,0,0,0,0,0,0,0,0,0,0,0,0,0,0,0,0,0,0,0.000399378506849829,0.000749352998462784,0
"SDAMPTR",0,0.000277997790198703,0,0,0,0,0,0,0,0,0,0,0,0,0,0,0,0,0,0,1.79378679822093e-05,1.69946312304475e-05,0,0,0,0,0,0,0,0,0,1.36839409947011e-05,1.39822242020057e-05,1.70497800227505e-05,0,1.70378894229609e-05,0,1.70778618772338e-05,0,0,1.72265311953064e-05,0,0,0,1.41650449487349e-05,1.55551467171973e-05,8.21788363642239e-05,1.75407681439268e-05,0
"ASTRUBU",0,0.216381736366629,0,0,0,0,0,0,0,0,0,0,0,0,0,0,0,0,0,0,0,0,0,0,0,0,0,0,0,0,0,0,0,0.0071621953241329,0.0523772506773885,0,0,0,0,0,0,0,0,0,7.43197591031586e-05,0,0.0827146897823455,0.082606407675409,0
"PSAMMU",0,0.189119263879114,0,0,0,0,0,0,0,0,0,0,0,0,0,0,0,0,0,0,0,0,0,0,0,0,0,0,0,0,0,0,0,0,0,0,0,0,0,0.0303259783998987,0,0.00160235453321139,0,0,9.17096721385856e-05,0,0.0639467269820619,0.0825496456100441,0
"DETCRARU",0,0.0544908920076812,0,0,0,0,0,0,0,0,0,0,0,0,0.000676230532682032,0,0,0.000239261548835918,0,0,0.00282629757524937,0,0,0,0,0,0,0,0,0,0,0,0,0,0,0.00246674431949388,0,0,0,0.0027807009255851,0.0147230482856152,0.00137913471575972,0,0.000761825349681916,7.24619057860571e-05,0.00012441129425602,0.0144371024457937,0.00287925865720181,0
"CARPOLPU",0,0.0469325263215403,0,0,0,0,0,0,0,0.00311216650530313,0,0,0,0,0,0,0,0.0001822122845249,0,0,0.00349066383846574,0,0,0,0,0,0,0,0,0,0,0,0,0.00215206345293529,0.00363044310894331,0,0.00567151176350691,0.00392402859716846,0,0.0035320345934762,0,0.00114618585402435,0,0.000632783607991644,9.74128958577267e-05,0.000167012246340198,0.0147879337929647,0.00374360361892781,0
"NEPHTYU",0,6.41464332596831,0,0,0,0,0,0,0.000247592161238517,0.00969735351782155,0,0,0.00036003474114239,0,0.000519734802963708,0.00187568778224542,0,0.000198404266860132,0,0,0.0231218457947618,0,0,0,0,0,0,0,0,0,0,0,0,0,0.0474002691246833,0,0,4.05341816967893,7.74208035780998e-05,0.0281420975429814,0,0.00157329163695553,0.00162374645030758,0.000756934243206296,9.42589689173906e-05,0.000170083954952726,2.09754004194918,0.339171536824041,0
"NEMERTU",0,0.000248317908706209,0,0,0,0,0,0,0,1.75458799072541e-05,0,0,0,0,0,0,0,1.64138450434613e-05,0,0,1.74322983214089e-05,0,0,0,0,0,0,0,0,0,0,0,0,0,0,0,0,1.72533239905917e-05,1.6368893803043e-05,1.69453050132871e-05,0,1.7128944441005e-05,0,0,1.48931825146774e-05,0,7.0198794522466e-05,1.75441319695402e-05,0
"PLEURO",0,0.152956990420637,0,0,0,0,0,0,0,0,0,0,0,0,0.000423883610787652,0,0,0,0,0,0,0,0,0,0,0,0,0,0,0,0,0,0,0,0,0,0,0,0,0.0263233745747513,0,0,0,0,0.000107517207318553,0,0.0427815995010332,0.0575270434375021,0
"ECHVIP",0,0.0123609727138484,0,0,0,0,0,0,0,0,0,0,0,0,0,0,0,0,0,0,0,0,0,0,0,0,0,0,0,0,0,0,0,0,0,0,0,0,0,0,0,0,0,0,0.000120783636678846,0,0.0094681900655295,0.00928838396354751,0
"CALLSP",0,0.0138808176394946,0,0,0,0,0,0,0,0,0,0,0,0,0.00043909489543234,0,0,0,0,0,0,0,0,0,0,0,0,0,0,0,0,0,0,0,0,0,0,0,0,0.0032719924169955,0,0,0,0,0.000102311940069479,0,0.00350440373194833,0.00350391651616989,0
"POMSP",0,0.00559570088547843,0,0,0,0,0,0,0,0,0,0,0,0,0.000320849379386293,0,0,0,0,0,0,0,0,0,0,0,0,0,0,0,0,0,0,0,0,0,0,0,0,0.000880904950868493,0,0,0.000809136436564017,0,0.000101534299612627,0,0.00141318905856952,0.000878404178351862,0
"AMMOD",0,0.0046972620639733,0,0,0,0,0,0,0,0,0,0,0,0,0.000371994253039423,0,0,0,0,0,0,0,0,0,0,0,0,0,0,0,0,0,0,0,0,0,0,0,0,0.000953524781383436,0,0,0,0,9.6731284112209e-05,0.00016144059624035,0.00124272858048993,0.000989964770039089,0
"GADID",0,0.00174920072605439,0,0,0,0,0,0,0,0,0,0,0,0,0.000259800954324309,0,0,0,0,0,0,0,0,0,0,0,0,0,0,0,0,0,0,0,0,0,0,0,0,0,0,0,0,0,0.000112675091191835,0,0.000377167405151346,0.000474053374283338,0
"MULSUR",0,0.00164867517338612,0,0,0,0,0,0,0,0,0,0,0,0,0.000185204979295661,0,0,0,0,0,0,0,0,0,0,0,0,0,0,0,0,0,0,0,0,0,0,0,0,0.00026667834405135,0,0,0,0,8.86326339359336e-05,0,0.000371860919455145,0.0002770111674998,0
"DIC",0,0,0,0,33.1885288846481,0,0,0,0,0,0,0,0,0,0,0,0,0,0,0,0,0,0,0,0,0,0,0,0,0,0,0,0,0,0,0,0,0,0,0,0,0,0,0,0,0,0,0,0
"EXP",0,0,0,0,0,0,0,0,0,0,0,0,0,0,0,0,0,0,0,0,0,0,0,0,0,0,0,0,0,0,0,0,0,0,0,0,0,0,0,0,0,0,0,0,0,0,0,0,0
"BUR",0,0,0,0,0,0,0,0,0,0,0,0,0,0,0,0,0,0,0,0,0,0,0,0,0,0,0,0,0,0,0,0,0,0,0,0,0,0,0,0,0,0,0,0,0,0,0,0,0
